TransactionMonth,rows,fraud_count,nonfraud_count,fraud_rate_pct,month_label
2026-03,609519,7363,602156,1.208001719388567,Mar 2026
2026-04,561701,5930,555771,1.0557218164112223,Apr 2026
2026-05,599805,3320,596485,0.553513225131501,May 2026
