threshold_days,share_detected_pct
1,1.536189069423929
3,6.558345642540621
7,29.83751846381093
14,56.98670605612999
21,73.5450516986706
30,85.48005908419498
45,94.22451994091581
60,98.22747415066469
90,100.0
