Segment,rows,approved_count,declined_count,share_pct,approved_share_pct,approval_rate_pct,approval_rate_index
1,792909,562896,230013,44.77116654413882,51.365872888408695,70.99124868049171,1.147298068228093
2,516664,318520,198144,29.173145961719367,29.065862668087778,61.64935044826038,0.9963225325862228
3,222066,115204,106862,12.538833421982511,10.512695098626097,51.87827042410815,0.8384109386281279
4,239387,99236,140151,13.516854072159301,9.055569344877428,41.454214305705825,0.669946519843638
