Segment,mature_rows,approved_rows,fraud_rows,approval_rate,fraud_rate_on_approved
1,397436,289972,2673,0.729606779456315,0.009218131405790904
2,262119,164250,2848,0.6266237853799228,0.017339421613394215
3,118500,63228,2391,0.5335696202531646,0.03781552476750807
4,130819,56474,2831,0.43169570169470795,0.05012926302369232
